id;name;screenName;location;url;description;protected;verified;followers;friends;listed;favorites;statuses;createdAt;defaultAcc
3149077037;SMUU;easySmuu;;None;Verr√ºckter Programmierer!;False;False;39;27;3;3;36;2015-04-08 19:38:06;True
852507511315996676;Orange;0range06;;None;;False;False;14;14;0;25;27;2017-04-13 13:03:24;True
875750160701194240;Husky.-;Huszkiee;Frankfurt am Main, Deutschland;None;üê∂;False;False;27;50;0;551;299;2017-06-16 16:21:23;False
3401961129;Alexis Anonymos;TheA13X;Munich, Germany;None;;False;False;7;21;0;9;161;2015-08-03 23:37:44;False
754852421944221696;AriaCreations;AriaCreationsBT;Germany;https://t.co/EnUHmQLpr8;We use voxels to express our creativity. Official @Minecraft Partner. https://t.co/xP83lLkVvN\ncontact@ariacreations.net;False;False;2478;41;2;200;112;2016-07-18 01:36:56;True
961421662439780352;;OmagadCM;Belgique;None;Entrepreneur & Community Manager;False;False;463;274;0;248;237;2018-02-08 02:09:21;False
\n
id;name;screenName;location;url;description;protected;verified;followers;friends;listed;favorites;statuses;createdAt;defaultAcc
3149077037;SMUU;easySmuu;;None;Verr√ºckter Programmierer!;False;False;39;27;3;3;36;2015-04-08 19:38:06;True
852507511315996676;Orange;0range06;;None;;False;False;14;14;0;25;27;2017-04-13 13:03:24;True
875750160701194240;Husky.-;Huszkiee;Frankfurt am Main, Deutschland;None;üê∂;False;False;27;50;0;551;299;2017-06-16 16:21:23;False
3401961129;Alexis Anonymos;TheA13X;Munich, Germany;None;;False;False;7;21;0;9;161;2015-08-03 23:37:44;False
754852421944221696;AriaCreations;AriaCreationsBT;Germany;https://t.co/EnUHmQLpr8;We use voxels to express our creativity. Official @Minecraft Partner. https://t.co/xP83lLkVvN\ncontact@ariacreations.net;False;False;2478;41;2;200;112;2016-07-18 01:36:56;True
961421662439780352;Omagad;OmagadCM;Belgique;None;Entrepreneur & Community Manager;False;False;463;274;0;248;237;2018-02-08 02:09:21;False
838361927235555328;Hyrise Server;Hyrisesocial;;None;An upcoming Minecraft adventure ‚Ä¶;False;False;40;12;1;30;4;2017-03-05 12:13:54;False
745173836463648768;Tashi Jawed;TashiJawed;Karachi, Pakistan;None;A dumb Programmer !;False;False;426;4;1;57;87;2016-06-21 08:37:42;False
3019139568;Joke Authority;JokeAuthority;;None;jokeauthority@gmail.com | jokes | dm, email, or tweet us;False;False;19768;18572;97;2344;5355;2015-02-14 05:26:13;False
917798743948308480;Lady Grey;Vamp_Witch;;None;Mixture of darkness and energy drinks || Cat loving witch || meine bessere H√§lfte ist @asimetrixx;False;False;114;257;0;17393;7150;2017-10-10 17:07:27;True
483674751;Brandycap;BrandycapGames;;None;Areas of Interest:\n\nGames Games and More Gamesss |\nLLB Bachelors at Law | Intellectual Property;False;False;13;179;1;1455;1340;2012-02-05 08:26:03;True
2399235733;NebelNiek;NebelNiek;;https://t.co/Rm4YdESsLU;alles top Leute keine Sorge;False;True;161074;578;65;7724;18289;2014-03-20 07:47:56;True
758090491145687040;TuberClub.net ‚Ä¢üéô;TuberClubNET;Neuaufbau ‚û§ 20% üî®;https://t.co/meVHkjybd1;TuberClub ‚Ä¢ üîñour work, your fun' ‚Ä¢üéô Akueller Status ‚ñ™ Neuaufbau ‚Ä¢üî∞Hier twittern:  ‚Ä¢ üì∞;False;False;44;8;0;47;31;2016-07-27 00:03:52;False
763080926318452736;Paul;pxvlooo;Mannheim, Baden-W√ºrttemberg;None;-;False;False;59;198;3;4650;1185;2016-08-09 18:34:05;False
769635606494257152;Kanomtom;Tails43378320;;None;;False;False;1;41;0;2;1;2016-08-27 20:40:02;False
363909200;Janmm14;_Janmm14;gegen Artikel 13;https://t.co/JBiAZNQHNn;No, I am not 14 years old, I am an adult. Twittering in german and english.;False;False;150;138;1;1042;4520;2011-08-28 22:08:43;False
738728719225901057;Domi;DominikEnders_;Bavaria;None;18 y/o | Dual Student | Java Developer | Founder @DetrioxNET ‚Ä¢ Administrator https://t.co/sFyozLW7yq;False;False;140;9;1;491;1013;2016-06-03 13:47:06;False
2225373246;ten.java Contest;tenjava;Somewhere in the JVM;https://t.co/9zpbcCzMD1;The original 10 hour Minecraft plugin contest. https://t.co/0wioylAE09;False;False;170;29;1;183;808;2013-12-01 18:16:48;False
818941851600297985;Samuel Kaiser;sk22dev;Vienna, Austria;https://t.co/iugEAOSBBv;üë®üèº‚Äçüíª attending HTL Spengergasse in Vienna üè´ IT Consultant and Webdev at @lean_coders üåê;False;False;74;258;7;2456;1038;2017-01-10 22:05:27;True
755174937141342210;Devathon;joindevathon;;https://t.co/D5b8CVtOeY;The only 24 hour Bukkit Plugin Development Contest for everyone.;False;False;134;103;0;38;125;2016-07-18 22:58:30;False
775728638461378560;Legalisiert;PrivatLegal;;None;Man hat viele Freunde doch nur wenig wahre Br√ºder.. Loyalit√§t ist das was die wahren Br√ºder ausmacht;False;False;42;190;0;196;256;2016-09-13 16:11:34;False
2310961219;AdBolt;adblt;Westford, MA;https://t.co/o3mOWSsVLP;Have a question? Tweet @askadbolt!;False;False;23539;27791;13;2153;1300;2014-01-26 00:58:40;False
2637375141;de_point;Daniel135272834;;None;;False;False;84;728;1;41;106;2014-06-24 11:06:59;True
2649646517;Wano;wanodesign;;None;;False;False;53;29;2;7659;4;2014-06-28 09:39:44;False
790633504430227457;Comeback‚åõ;AplatikNET;Frankfurt,Deutschland;None;;False;False;14;2;0;6;3;2016-10-24 19:18:11;False
1035424639151951872;adeQuady;adequateEagle;;None;–ê–¥–µ–∫–≤–∞—Ç, –∫–µ–π–¥–µ “õ—É–∞–¥;True;False;207;80;5;22234;6923;2018-08-31 07:10:46;True
2414205444;CommitStrip;CommitStrip;;http://t.co/g3AKujl1OV;The blog relating the daily life of developers. Official english account.;False;False;73157;8;1274;298;801;2014-03-27 13:14:08;True
3652329855;zMattii | LŒ±—è—ï;Apue_;Baden-W√ºrttemberg, Germany;None;‚Ä¢ Lars ‚Ä¢ PsychoAim SG Member ‚Ä¢;False;False;52;31;1;764;1112;2015-09-14 11:14:51;False
2473419965;marcmade;marcel_boZz;Fledermausland;https://t.co/PJumkj7k2u;Eifersucht ist die Leidenschaft Die mit Eifer sucht, was Leiden  schafft - Zitat! ~Alligatoah;False;False;100;179;0;2466;186;2014-04-10 07:42:38;True
994852433917509633;Dean Nooblo;VNooblo;Germany;None;[Teamleitung]: DeanNooblo üê∫ @vuptrox [Team]: @Tamino_vpx , @Trinity, Maxi96  Season 3 GC & Season 8 - Season 10GC  üèÜ @NitroleagueRL Division 2 ‚öΩÔ∏èüöó;False;False;104;189;0;2290;728;2018-05-11 08:11:18;False
1653345974;jurema aparecida mar;MarJurema;;None;;False;False;2;65;0;68;13;2013-08-07 16:26:50;False
220513643;Kent Jenkins;snubbyj;California, USA;https://t.co/hNt30h8r6T;Entertainer & RimbaTubes Musician;False;False;1454;181;25;291;1413;2010-11-28 00:51:06;False
80687653;Psyonix;PsyonixStudios;San Diego, CA;https://t.co/sBSPW4urvt;San Diego video game developer. We make @RocketLeague, @ARCSquadron, and @SARP_BattleCars (Supersonic Acrobatic Rocket-Powered Battle-Cars)!;False;True;141834;119;368;305;1515;2009-10-07 21:40:57;False
3014751747;BukkitFabo;BukkitFabo;;https://t.co/hffR4hMWW4;;False;False;6;37;0;12;67;2015-02-03 17:09:05;False
2894069487;Ask AdBolt;askadbolt;MA & NY;https://t.co/0Gf5URJoYW;Tweet us your @adblt questions!;False;False;245;325;0;78;342;2014-11-27 02:13:19;False
2729202476;Levon.;Levon_30;telegram.me/Levon30;None;Geb√ºrtige Esche.;False;False;56;235;5;6868;5583;2014-08-13 11:23:12;False
1387314812;Calucon | Simon;CaluconDEV;Germany;https://t.co/LhtXCnZSlx;Simon ‚óè Software Developer ‚óè Êó•Êú¨ ‚ù§ \n‚óè Username: Calucon ‚óè R6S-Clan: BloodDragons;False;False;298;358;3;4181;3863;2013-04-28 16:13:59;False
2320927788;President741;President7411;Germany;None;;False;False;45;23;0;10994;1179;2014-01-31 15:03:10;False
2996387164;Chijindum;Der_Tac;TARDIS;None;is the pope cath'lick you cheeky tart;False;False;44;348;0;633;743;2015-01-24 19:10:49;False
4609777769;Quit.;_Cyrii;;None;;False;False;17;304;0;384;54;2015-12-26 10:28:12;True
717094755721736192;phil;philp2p;;None;get rich or die tryin‚Äò;False;False;35;54;0;2327;97;2016-04-04 21:01:27;False
814531588331552769;FuseMC.net;FuseMCnet;Frankfurt,Deutschland;https://t.co/NKkiVFqIw2;;False;False;0;1;0;1;0;2016-12-29 18:00:38;False
3202237744;Jendrik s.;jendrik12799;;None;;False;False;58;28;0;6559;962;2015-04-24 20:15:28;True
2810564608;eXz-Hosting.de;eXzHosting;Bad Pyrmont, Deutschland;https://t.co/fA8I3XtDJI;;False;False;33;6;0;23;3;2014-10-06 15:28:29;False
3740752762;.;lvnpssr;.;None;...;False;False;25;8;0;956;633;2015-09-22 16:54:24;True
1050462386010886144;ElektronikNEO;ElektronikNeo;Haar;https://t.co/OYg2CEwRfH;Wir sind Elektronik neo ‚Äì das junge Magazin f√ºr Berufseinsteiger, Studenten, junge Ingenieure und Technik-Begeisterte. Impressum: https://t.co/ZcprvM6VnQ;False;False;177;254;4;205;140;2018-10-11 19:05:24;False
2895788314;Jenny ‚úå;KuroJenny;;None;|21|German|üìö‚ù§|;False;False;257;151;5;13664;8434;2014-11-28 09:44:59;False
3236601798;ÿ¥ÿ≤ŸàÿßŸÜŸä;Wan____i;Arau, Perlis/Yan,Kedah;None;They took my crown, but it's alright. I shine a light because I'm lovedüåπ;False;False;234;349;1;23745;25425;2015-06-05 05:11:39;True
520408708;chef vo de rotn üö©;naklarname;in and around vienna;None;[ he, they, dude positive ];False;False;635;693;20;86925;36323;2012-03-10 13:45:32;False
2683690933;EpicPvP Netzwerk;EpicPvPMC;TeamSpeak: ts.EpicPvP.eu;https://t.co/NlIMS2GWT7;Hier erh√§ltst du alle Updates und News zum EpicPvP Servernetzwerk.      Server-IP: https://t.co/XyAk4aEzX5 \n@MadGrover @blackX1MC;False;False;862;8;0;248;508;2014-07-27 00:22:36;False
861911916767309824;Leon Sinkel;ghostfire_rl;;None;;False;False;122;98;1;63;21;2017-05-09 11:53:09;True
2387153874;Trashii;Trashward;;None;;False;False;9;83;0;1347;48;2014-03-13 14:55:58;True
2890884574;AnTiSuuuu;AnTiSuuuu;Greven, Deutschland;None;Inconsistent but sick af!\n#MissTheOpenNet;False;False;47;390;0;625;356;2014-11-24 14:57:08;False
1074407715403907073;DK;Kuurome;Wesel, Deutschland;https://t.co/ENFfEQ2Lon;@Splyce | #OnTheHunt ‚Ä¢@AccuracyLA;False;False;437;287;0;119;861;2018-12-16 20:55:35;True
2634962897;therealaydo;Aydo_mc;;https://t.co/BXXjsjWyu7;Live the champlife ‚öú;False;False;24;35;0;95;11;2014-06-23 16:59:05;True
2838090754;SnaxX;Rumpel3D;;None;;False;False;20;37;0;373;270;2014-10-20 13:27:05;True
4164635957;Fabian;tr3_e;;None;;False;False;4;23;0;41;7;2015-11-11 15:22:10;True
780047895831670784;OfficialBasti;OfficialBasti_;Cologne, Germany;None;;False;False;53;793;1;1991;350;2016-09-25 14:14:45;True
881592839993524224;Dikkker;DikkkerRL;;None;Rocket League Player for Frag Fanclub;False;False;47;152;0;184;201;2017-07-02 19:18:07;False
966603885510086656;myotis.;MyotisRL;Stuttgart, Deutschland;https://t.co/QQ9QSoC5Fu;Rocket League Player for @IconicsSports. | üá©üá™ / üá∫üá∏;False;False;67;134;0;8117;309;2018-02-22 09:21:39;True
4776803091;IMaxwellI;xIMaxwellIx;Deutschland;https://t.co/DOkLSFizyS;Nitro League Administration;False;False;12;49;1;369;364;2016-01-11 19:00:13;False
738445386675814401;Privates Leben;private4life;Kackistan;None;Jeder braucht den Moment. Den einen Moment der Ruhe, der Entspannung, der Befreiung. Wer genie√üt es nicht?;False;False;172;589;2;66;689;2016-06-02 19:01:14;True
797150178075611136;Iceteazx mum;08Antje;;None;;False;False;25;34;0;271;29;2016-11-11 18:53:07;True
848592496015888384;Rizex45;Rizex45RL;;None;sEaSoN 2 gRaNd cHaMpIoN;False;False;330;232;0;16275;1481;2017-04-02 17:46:31;True
2377901462;Simon Kalhofer;Doctor_Aven;;https://t.co/xDiiSwTomJ;Coach/Analyst for @vuptrox | Speedcuber, ZZ Method Pioneer | Psychology of Learning |;False;False;87;184;0;133;70;2014-03-08 01:17:56;False
2347274994;Fabi;curi0sDE;;https://t.co/FqhKw9OEa7;Gamer und Informatiker. Spielt auf @YouTube (https://t.co/1JcCIVDuJw), @Twitch und ist @DiscordApp Partner;False;False;942;275;2;2608;6082;2014-02-16 18:41:19;False
731920622402609152;fENVY;envYYYBj;Frankfurt am Main, Deutschland;None;Counterstrike Global Offensive : playing for GAMR.Sports;False;False;72;104;0;1015;137;2016-05-15 18:54:09;False
2719107110;Grillsteak;GriIlsteak;;None;;False;False;14;41;0;59;22;2014-08-09 10:56:42;True
92104440;LANrena Neustetten;LANrena;Neustetten;http://t.co/TKfVtkOqmL;;False;False;99;93;5;27;159;2009-11-23 20:21:46;False
1058815496458526722;TrinityRL;TrinityRL09;;None;26 years old Player for @vuptrox main team;False;False;27;28;0;23;10;2018-11-03 20:17:40;True
4584150089;Arexor18;Arexor1;;None;;False;False;4;5;0;1;0;2015-12-24 01:19:09;True
2796477492;Marvin Hamschmidt;captnwindmark;Paderborn;None;;False;False;74;407;0;349;126;2014-09-07 19:33:51;False
2387244602;Iceteazy;Iceteazx;Deutschland;None;Rocket League Player for @Windandraingg contact: Iceteazy@gmx.de;False;False;838;576;2;7984;1742;2014-03-13 15:30:15;False
2409501769;VexuBet aka Benny;VexuBet;Germany/Online;None;Just a Human | Professional Nurd | Special ^.^ | People call me Benny | 21;False;False;195;328;3;13238;6700;2014-03-24 20:07:50;False
387195555;Snaski;Snaski10;;https://t.co/bu1ehCDyhF;üá©üá∞ Rocket League Coach @Dignitas @DIGrocketleague | Previous RLCS Player (Season 1, 2, 3, 5, 6)  | Contact: Snazzysnaski@hotmail.com;False;True;14424;227;59;5683;3034;2011-10-08 16:45:28;False
1051875990660628487;GartenH√ºttenGang;GHG_Crew;Tabellenf√ºhrer;None;GartenH√ºttenGang // GaunerHoodGaming Crew. Sniperclan only. Krass am cornern. #Weltraum https://t.co/O1gUtYsnaQ;False;False;128;33;1;126;97;2018-10-15 16:42:33;False
1052941379008114688;FuGiE.Vup;FugieV;;None;;False;False;13;9;0;3;5;2018-10-18 15:16:02;True
1008695562714132481;Keents;Keents3;;None;;False;False;6;1;0;0;0;2018-06-18 12:58:57;True
1050294775042252800;Tim;r6_tim;;None;Toxic Ash Main.;False;False;9;170;1;67;104;2018-10-11 07:59:22;True
2922983661;Z0mbi3_K4tj4;Zombie_Katja;Brandenburg, Germany;None;;False;False;34;32;1;63;2472;2014-12-15 15:15:09;False
980171231608614912;Schwibby;Schwibby_YT;Nordrhein-Westfalen, Deutschla;https://t.co/6c5oD1TnwI;NoHit!;False;False;26;10;0;41;96;2018-03-31 19:53:27;True
3149927583;Kevin Chen;Gaming4Life_KC;;None;;False;False;566;1616;0;2;101;2015-04-09 01:51:00;True
3000114393;Legend Champions;LegendChampions;;http://t.co/mHDQxrxSFp;Official Twitter account of Legend Champions YouTube Channel!!!;False;False;180;955;0;6;14;2015-01-26 18:54:36;True
720649698227458048;Meliodas;Timmy__Tim;;None;;False;False;3;8;0;4;1;2016-04-14 16:27:31;True
824241399633735680;Nubels;nubelsAD;Deutschland;https://t.co/ybBTTKgXpu;18 y/o German Master ADC. Affiliate streamer. Currently playing for @Vuptrox without contract.;False;False;514;1232;0;1465;202;2017-01-25 13:03:58;False
962081105594798081;Jan;xvipex06;North Rhine-Westphalia;None;;False;False;16;43;0;1026;53;2018-02-09 21:49:44;False
1013817569747357696;NKS.;NksVpx;Vienna, Austria;https://t.co/Bgzta3hjJQ;Comp Player for @Vuptrox;False;False;1;18;0;4;0;2018-07-02 16:11:59;False
768776119562690560;Vinzenz "Celestial" G.;Celestial_RL;Munich, Bavaria;None;LF not so T;False;False;59;110;0;462;275;2016-08-25 11:44:45;True
1025028138827493376;FG Rocket;RocketFg;;None;;False;False;7;14;0;8;1;2018-08-02 14:38:47;True
808335837163388928;Alexander B√∂ttcher;Gnagflow06;;None;Competitive Rocket League Player;False;False;252;31;2;56;75;2016-12-12 15:40:56;True
695960607925862400;Julian Koch;Nightwoolv065;Berlin Germany ;None;18 years, Love all Kind of Sport, Teamalboe FTW;False;False;1;55;0;101;19;2016-02-06 13:21:54;True
3652226117;ü§†;amirsapp01;United States;None;;True;False;93;549;0;21911;96;2015-09-14 10:54:40;True
718848846768447489;David;Lower_Reed;;None;;False;False;22;151;0;20695;1053;2016-04-09 17:11:35;True
381695513;Stephan;anyNoobStream;Bayern, Deutschland;https://t.co/XyGHZz4gaq;Esport und Twitch - Produktion und Sendetechnik bei @allyourbasede - contact@anyNoob.de - Gerne DM bei Technik- und Streamingfragen.;False;False;3250;589;12;25525;15521;2011-09-28 19:37:06;False
2422165656;Blacky;YTBlackPanther;Baden-W√ºrttemberg, Deutschland;https://t.co/3mYFjGdSV3;‚òÖ Designer | TwitchBitch | Gamer ‚òÖ;False;False;71;66;0;3159;870;2014-04-01 14:12:09;False
3323816824;Rogue Kronovi;KronoviRL;Atlanta, GA;https://t.co/OBq7NN5g3B;Streamer, Youtuber, & Rocket League pro player for team @Rogue;False;True;104565;176;171;1291;1988;2015-06-13 22:15:18;False
962781031089700871;Sairum;SairumR6S;;None;;False;False;10;60;0;44;21;2018-02-11 20:11:00;False
797102332035080192;Leon,, Delrü•∂yyy;xDelroyyy;;https://t.co/yRRXDxLEcM;best droner / support üî•;False;False;243;364;0;3483;2453;2016-11-11 15:43:00;True
3260835686;Garrett;GarrettG;Georgia, USA;https://t.co/7WMHjKwzVo;Rocket League for @NRGgg https://t.co/MN99UuRnQO | https://t.co/ZIluqEosGG;False;True;42786;356;91;8105;2822;2015-06-30 06:14:23;False
956652414412738571;Nico;n1com_;Germany;https://t.co/qpSvkHCtpX;;False;False;22;29;0;39;15;2018-01-25 22:18:04;False
2176770708;Samuel Enderwitz;SamuelEnderwitz;;None;;False;False;19;13;0;17;63;2013-11-05 20:36:30;False
71506201;YellOwStaR;YellOwStaRL0L;Paris, France;https://t.co/ov358ziODf;Esports Director for @TeamLDLC\nhttps://t.co/XgsrBKHyGB;False;True;307655;560;844;2948;2876;2009-09-04 10:42:50;False
383160788;izzi;izziofficial;K√∂ln;https://t.co/wz7uf12QFP;...taked es izzi & nimmt das leben nicht zu ernst.;False;True;921958;302;257;11874;4777;2011-10-01 11:23:19;True
3066215021;GetOnMyLvL;MontanaBlack;;None;Impressum: https://t.co/RD4ybweWMj;False;True;362844;116;87;4788;6569;2015-03-02 23:11:43;False
784441205421666304;Mighty Pixels e.C.;mighty_pixels;Konstanz, Deutschland;https://t.co/X6X9jrL8c9;Mighty P!xels ist ein exklusiver eSports Club im S√ºdWesten Deutschlands.;False;False;161;86;1;769;698;2016-10-07 17:12:12;True
2913614824;Weil wir dich lieben;BVG_Kampagne;Impressum:;http://t.co/SwJ0aDpFPz;Offizieller "Weil wir dich lieben"-Account der BVG. Poste deine sch√∂nsten BVG-Momente mit #weilwirdichlieben;False;True;290525;758;448;18507;47587;2014-12-10 10:57:00;True
1032667122;Giulio ;Giulio_Pan;;None;;False;False;4;78;0;363;8;2012-12-24 13:22:03;True
614754689;lolesports;lolesports;Worldwide;https://t.co/akqqAWeHbs;The official @LeagueofLegends Esports Twitter account!;False;True;1778906;566;3035;5876;58093;2012-06-22 01:55:13;False
364891289;luca;ConCrafter;;https://t.co/Amg29qbOHf;Impressum: https://t.co/UnSRefGUzV;False;True;873785;40;424;5288;445;2011-08-30 14:32:57;False
379158712;maudado;maudado;maudado.de/faq;https://t.co/prKTAvqobY;medium | Avatar: @H0nybe Header: @temellow\n       \nImpressum: https://t.co/9EEfEhZG2u;False;False;526886;86;157;3747;19552;2011-09-24 13:33:58;False
1924076820;melina sophie;MelinaSophie;;None;in progress..;False;True;1587490;101;548;40364;10257;2013-10-01 17:39:27;False
2265777077;Oskar;dieserOskar;;https://t.co/fFqU0hKL1w;vlogger https://t.co/ogKSurcUhy;False;False;28237;101;18;9245;9796;2014-01-06 20:26:12;False
109850283;Piet;PietSmiet;Osnabrooklyn;https://t.co/AQmXeaVHGa;Passionen: Videospiele, YouTube, gesunder Menschenverstand.\nInstagram: RealPietSmiet;False;True;514512;444;464;15317;14945;2010-01-30 14:01:16;False
3683359935;Rezo;rezomusik;Aachen;https://t.co/45RbLES6uK;Macht Party mit euch auf Youtube;False;False;180877;239;129;13007;7696;2015-09-17 07:37:56;True
2425410558;Julien Bam;Julien_Bam;Aachen, Nordrhein-Westfalen;https://t.co/vP1lh63bU1;bin cooool;False;True;1718498;385;485;17019;7177;2014-04-03 10:29:57;False
1089299513041391616;VloritEX;gis_kin;;None;F/A / AUT / Cod Comp Player / EU / Slayer /;False;False;240;2011;0;83;78;2019-01-26 23:10:16;True
1067915876;Eda Vendetta (blauer Haken);EdaVendetta;Berlin;https://t.co/hWi492ia0i;only the internet can judge me.;False;False;50230;71;25;19232;7448;2013-01-07 09:49:40;False
767823990295527424;bach0;bach0RL;Rheinland-Pfalz, Deutschland;None;Rocket League player for @esportrn_;False;False;109;83;0;481;474;2016-08-22 20:41:19;False
2937826966;Made My Day;MadeMyDaycom;Europa;http://t.co/479ZMkHT5w;Wir retten dir den Tag;False;False;53157;155;56;28;5702;2014-12-23 01:50:06;False
2502745826;Joey;Joeys_Jungle;;https://t.co/dUGr2M4sgF;Hi, ich bin Joey.;False;False;93292;203;34;7321;4907;2014-05-17 23:06:36;True
1021487187152515072;small brain alek;IAlekzz;;https://t.co/h4oiC6bXF5;Duo: ? :/;False;False;19;259;0;512;585;2018-07-23 20:08:18;False
707391334;scoseb;BastcrafterHD;;None;;False;False;20;304;0;2454;678;2013-10-10 04:41:24;True
2727433546;Toni Pirosa üåª;ToniPirosa;;https://t.co/JlQqb513I3;hi ‚ú® management: tonia@contentview.de;False;False;78178;176;28;14219;5682;2014-07-28 16:35:21;False
826756991611707394;Mister_Spooner;Mister_Spooner_;;None;;False;False;14;43;0;99;0;2017-02-01 11:40:02;True
1039712699263922176;DestinyC.;DestinyColon19;New Jersey, USA;None;I love aphmau, drawing and my family;False;False;3;44;0;62;27;2018-09-12 03:09:59;True
959430261049118721;Cleminatus;cleminatus;;None;;False;False;4;16;0;12;23;2018-02-02 14:16:14;True
1084168675207401472;T1TAN;TITAN_R6S;;None;R6 Player for üëÄ;False;False;34;179;0;112;164;2019-01-12 19:22:09;True
1270446355;Kai K√∂gel;kaikoegel;;None;;False;False;17;34;0;123;33;2013-03-15 18:50:49;False
1076292130392469504;MASHALLAH MACH NOOCHMAL;7jannis_;;None;jannis l   use code 'jannisfn' in the item shop ‚ù§ |;False;False;11;127;0;54;97;2018-12-22 01:43:35;False
1031517914027966465;Javier ƒêulabiƒá;JUlabic;;None;Well... OOF.;False;False;25;141;0;613;49;2018-08-20 12:26:50;True
977295850404765698;JustMessin7;JustMessin7;Baden-W√ºrttemberg, Deutschland;None;22 Years old German Rocket League Player and Streamer on Twitch. I'm a season 3, 8 and 9 Grand Champ and currently playing for @BurningFoxesGG;False;False;103;64;0;1568;309;2018-03-23 21:27:42;False
1078210938594082816;Romano;Romano14062895;;None;Fortnite Player 800wins;False;False;3;66;0;13;9;2018-12-27 08:48:14;True
1065379143628611585;Dominik 'Blu1es' J.;blu1es;;None;I hope I'll get a Esport-Player lol.;False;False;2;35;0;47;5;2018-11-21 22:59:16;True
3885211523;SrApho;Sr4pho;;None;;False;False;182;192;0;1331;441;2015-10-07 00:23:22;True
891735707475038209;Carla;Carla24225649;Orange, CA;None;Music Games Cute Animals Weird Gaming News Fun Holidays Sports Trending;False;False;9;271;0;367;70;2017-07-30 19:02:15;True
710153839723343872;Mommy von Babygirlüíï;demon_kotori;;None;Mommy von @nekosklave ‚ù§ Ich liebe mein kleines M√§dchen‚ù§;False;False;285;21;1;369;741;2016-03-16 17:20:44;False
3341913957;Cure‚ú®üå∏ Pinky (‡πëÀÉÃµ·¥óÀÇÃµ)Ÿà;TsundereYuiChaN;;None;‚Üñ(^‚ñΩ^)‚Üó100%FULLTIMEOTAKUüçìn(^œâ^)üçì~//YouTuBeRiN/ ~//Fandubberin+S√§ngerin//~//~PoKeMoN Trainerin//~& H√ºterin des‚òÆFriedens‚òÆ & des Lichtes.üëº‚ú®;False;False;877;2992;4;93918;22806;2015-06-22 20:30:34;False
4515999695;Miri;Minolinsky;Germany;None;‚ú©‚ãÜÔΩ°Àö German who can speak english /north rhine westfalia ‚ú©‚ãÜÔΩ°Àö 21 ‚ú©‚ãÜÔΩ°Àö üêù ‚ú©‚ãÜÔΩ°Àö;False;False;4032;254;21;22276;7879;2015-12-17 17:25:49;False
1543860265;‚ÑìœÖœÖ üç∑;unkommunikativ;Gie√üen, Deutschland;https://t.co/wIM5McrxvK;die kopfdisco ist heut‚Äò nicht an;False;False;1295;56;1;19966;7129;2013-06-24 18:27:43;False
964443659272966144;lewd_K√§tzchen;Kaetzchen_slut;;None;K√§tzchen//slut// will blo√ü auch etwas Liebe// meine adoptiv mama : @Sugu327// meine tolle: @_Hentai_18;False;False;448;16;1;278;342;2018-02-16 10:17:41;True
1291996014;Azu~ | Gabriel;Azunitro;he/him;https://t.co/O2zvWrGQfP;I wish I could save you from the pain you've been through.;False;False;205;600;4;4580;8735;2013-03-23 17:22:44;False
2420931980;Overwatch;PlayOverwatch;Future Earth;https://t.co/yKYkKdwIG1;The world needs heroes. |\n\nSupport: @BlizzardCS;False;True;3275274;242;4134;8234;123960;2014-03-31 18:43:24;False
1209608880;Hearthstone;PlayHearthstone;Irvine, CA;http://t.co/db0RpF4wl6;Official Hearthstone updates from Blizzard Entertainment.;False;True;876902;71;3220;4436;17970;2013-02-22 19:47:03;False
981610809691377664;NovaNetwork;NovaNetworkEU;;https://t.co/EhHNUzqTUf;;True;False;1;0;0;0;0;2018-04-04 19:13:49;False
937287599693103104;¬ª‚Äî‚ô´HŒîŒ† Œ£UŒ†-“úI‚ô´‚Äî¬´;YourOnlyLuvYuni;;None;DM MŒ£ I“í Œ®Œ©U –®ŒîŒ†Œ†Œî RP.;False;False;0;115;0;214;38;2017-12-03 11:49:12;True
36803580;Steam;steam_games;;http://t.co/HS4fLUjBIw;Steam, The Ultimate Online Game Platform. Follow us here for news on the latest releases and special promotions.;False;True;5051030;8;15375;0;8717;2009-04-30 23:01:57;False
1941569214;M√§uschen;lewdmaeuschen;;None;Pervers/lewd, folgt mir nur, wenn ihr damit klar kommt! weiblich, bi, 20;False;False;400;198;0;160;2744;2013-10-06 17:51:50;False
2601685455;I◊ö’àVd;Dior20001;Ollivanders;None;smort. || @vollzeitstoned ‚ô•;False;False;709;40;8;13968;34224;2014-06-11 17:57:18;False
38232487;Assassin's Creed;assassinscreed;;http://t.co/UzPdL5yvDX;#AssassinsCreedOdyssey. Available now.;False;True;4169480;295;3790;17963;20166;2009-05-06 17:41:04;False
2806001824;Elly ‚ù§Ô∏è 21-9;ellife95;Instagram;https://t.co/PFQGBSJtRG;‚úñÔ∏è Instagram: all.about.elly ‚úñÔ∏èirgendwie bisschen n Fangirl von DagiBee und MrsBella üòâ;False;False;408;141;10;25017;9090;2014-10-04 18:20:58;False
1296509947;AwesomeElina;Awesome_Elina;Hamburg, Deutschland;https://t.co/iUUHxgaohf;wadde hadde dudde da;False;False;1482;92;2;1005;2050;2013-03-24 20:15:38;False
2765200066;hannsens;vollzeitkopflos;;None;22 - Bitte nicht folgen, ich wei√ü auch nicht wohin.;False;False;2322;164;23;133397;42418;2014-09-09 00:36:36;False
1655251922;F üåº Y;Francy_twee;;None;22 üå∫ | üéß | üíö | Albinism;False;False;220;291;6;6476;13804;2013-08-08 12:10:53;False
4004198679;lea;nohumaninusleft;she/her;https://t.co/88vvgiCEQQ;the blind lead the blind, so we bomb for peace;False;False;375;61;2;6462;20866;2015-10-20 19:36:50;True
722504668392329220;Mara;_himbeermond;Kaffeehausen ‚òïÔ∏è;None;irgendwas mit ü¶Ñ;False;False;320;252;10;5040;5181;2016-04-19 19:18:31;True
4921050376;Toni;Rainywhirl;;None;21.\nMansuetudo.;True;False;377;129;1;40794;10748;2016-02-16 21:02:56;False
312937997;Steam Support;Steam_Support;Bellevue, WA;https://t.co/kZ0RIz2lMb;Steam Support;False;True;618999;48;1832;101;1555;2011-06-07 22:18:18;False
3636376096;Honigkuchenannika;grossstadtliebe;;https://t.co/kImjY5tTpQ;adiletten und club mate;False;False;714;181;18;28366;22994;2015-09-12 23:50:56;False
2882791845;Andre;Raishinlol;Nordrhein-Westfalen,Deutschlan;None;;False;False;18;169;0;3090;279;2014-11-18 16:41:54;True
4915233921;Rosa Fluff;zugverliebt;vermutlich im Zug;None;Zugbekanntschaft von Julien der aus iwelchen Gr√ºnden alle Folgen..;False;False;38;19;1;145;230;2016-02-15 19:38:44;False
3234018258;Celina;Ceeliinaaaaaa13;;None;;False;False;27;5;0;310;0;2015-06-02 19:55:49;True
1011629647728119809;ohBoiiii;BoiiiiOh;;None;17 y/o;False;False;138;106;0;406;87;2018-06-26 15:17:57;True
2647312179;Jenny üåµ;herzblutmensch;Freak - City ;https://t.co/bopjwV9ycA;Regenluft und Sonnenuntergangs -Junkie
\n
\nInstagram: jennykrg_\n\nhttps://t.co/riRBFZhUNX;False;False;270;178;9;91688;16844;2014-06-27 16:27:03;True
914543036658585601;Wofux;WofuxBuilds;I forgot the place ;None;Max/ing.Wofuxüí•| @Pixelbiester-Member;False;False;149;44;0;1088;236;2017-10-01 17:30:26;False
921387817313370112;Follifein Flauschig;follifein;Mond;None;;False;False;18;254;0;646;128;2017-10-20 14:49:09;False
1238686460;luzifer;fruehlingsGrau;Stuttgart;https://t.co/EqG5MkK7B9;herzmensch mit zu viel verstand;False;False;906;53;5;12336;17859;2013-03-03 11:43:01;False
874130771870494720;Natania;wolfie00_;Portland, OR;None;Heyo i am a crazy weeb and idk what else to say lol\n\n‚ù§‚ù§‚ù§‚ù§‚ù§‚ù§‚ù§‚ù§‚ù§‚ù§‚ù§‚ù§‚ù§‚ù§‚ù§‚ù§‚ù§‚ù§‚ù§‚ù§;False;False;43;138;1;11980;385;2017-06-12 05:06:31;True
983695281542914048;1voskes1;1voskes1;;None;;False;False;36;45;0;422;27;2018-04-10 13:16:46;True
789540306341486593;Kreatory;ImKreatory;;None;;False;False;14;327;0;57;3;2016-10-21 18:54:12;True
824935569025282050;Sophie;DecoratedMC;;https://t.co/WjdoQzjm8e;I like cute freckles \n@spark_squared @gmodeone @TeamVaeron @ShapescapeCo;False;False;482;172;5;4135;50;2017-01-27 11:02:21;False
1039348374636359680;Kayla;Kayla_parra13;;None;;False;False;9;308;0;825;1;2018-09-11 03:02:17;True
1027201052;RenTner EviL;IRenTnerEviL;Bielefeld, Deutschland;None;Lebe und denke nicht am Morgen!;False;False;1;24;0;6;18;2012-12-21 21:36:34;True
3280787670;Ramesh ramesh;ramesharavind71;;None;;True;False;0;3;0;78;76;2015-07-15 17:29:56;True
388717094;üá±üá∞üá±üá∞√Ç√ßm F√†rh√°√±üá±üá∞üá±üá∞;acm_farhan;Sainthamaruthu, EP, Sri Lanka;None;This is the Official Twitter Site for J√¢mr√∂√∂l L√†ll√° From Sri Lanka;True;False;27;377;0;61;10;2011-10-11 06:58:02;False
1056923394233524224;Joseph;Joseph05902647;napal;None;everything is not special for me!!;False;False;6;333;0;182;17;2018-10-29 14:59:08;True
788735602560634881;shaoliang;shaoliang331xie;Hong Kong;None;ÊîùÂΩ± ËóùË°ì ÈõªÂΩ± Â®õÊ®Ç ÂèØÊÑõÂãïÁâ© Áî∑Â•≥ÊºîÂì° Âêç‰∫∫Êñ∞ËÅû;False;False;5;101;0;0;0;2016-10-19 13:36:36;True
1083416563066261505;MFerrer;MFerrer60;;None;;False;False;0;26;0;945;358;2019-01-10 17:33:32;True
945256392629383168;Philip;PhilipRasvet;;None;;False;False;4;96;0;7;4;2017-12-25 11:34:20;True
1732190635;Lukas  ï‚Ä¢Ÿπ‚Ä¢ î;Sakul6499;;None;19 | Software Engineering Abroad-Student ~ DMs open;False;False;436;775;27;99607;27786;2013-09-05 14:46:01;False
1011259707024175104;Tamino;Tamino_vPx;Deutschland;https://t.co/qpSvkHCtpX;‚öΩÔ∏èSpieler f√ºr Vuptrox Main Team RLüê∫;False;False;44;33;0;177;71;2018-06-25 14:47:57;False
2958865571;Thea das Koneko ‚ùÑ;vampithea;;https://t.co/aC8CgiHnr2;‚Ä¢ Lvl 20\n‚Ä¢ Schoki-D√§monen-Engel-Neko\n‚Ä¢ dauerverwirrt\n‚Ä¢ K√§tzchen von @Yusai1243 #Marea üêà\n‚Ä¢ #Thex 30.04.2018 ‚ù§\n‚Ä¢ Neki :3\n‚Ä¢ Teilzeit-Otaku;False;False;108;80;3;14378;10102;2015-01-03 18:25:28;False
2800564538;~Neko no megami~ Dokomi;xXVanth13Xx;Wunderland;None;NiiChan @Eispuma Owner @RandomShitGamer Frauchen @hidefriday Sis @Akuma_Darkness //souls related @Amidamaru_san;False;False;749;668;28;80099;76878;2014-09-09 21:10:02;False
980397247178387456;Hentaisan;KingHentaisan;;None;24 | This is the lewd Account of someone. | Mostly just RT stuff I like | DMs open | likes RP;False;False;432;128;1;25611;31846;2018-04-01 10:51:33;True
1861393146;Heroes of the Storm;BlizzHeroes;The Nexus;https://t.co/DSYTH1m5uZ;The official Twitter account for Heroes of the Storm, a raucous MOBA starring your favorite Blizzard characters.;False;True;487161;185;1864;4793;13025;2013-09-13 18:53:36;False
331908924;Blizzard Entertainment;Blizzard_Ent;Irvine, CA;https://t.co/0hFOzeztnR;Titles shown rated T-M. For more information, visit https://t.co/Vcih7pDaQo.   @BlizzardCS for support / @LifeatBlizzard for life at Blizzard;False;True;1222869;190;3590;8165;6969;2011-07-08 22:31:26;False
2451982961;Nico #NiemalsCDU #NieMehrSPD;RandomShitGamer;Niedersachsen, Deutschland;https://t.co/HOeW8MZWle;Lvl. 21 | ‚ôÇÔ∏è | @Kikiana20's player 2 ‚ù§ | You're my family FüíöCüíôKüíõL‚ù§AüíúGüñ§| Thanks for everything ‚ù§ | Wubba Lubba Dub Dub! | Privataccount: @KazuSadSora;False;False;340;178;37;135835;74490;2014-04-01 09:31:09;False
260780651;Yuya.;Herztaub_;Hillesheim, Deutschland;https://t.co/kYDyabZZdA;20 |  South Side Serpent üêç‚ô•Ô∏è| #Sexualit√§tgang;False;False;1002;382;23;20044;73405;2011-03-04 15:51:19;False
4221891466;Unofficial üí© Steam Status;SteamStatus;;https://t.co/UW4zKzUYyd;üö®¬†Not affiliated with Valve or Steam. üö® A project by @thexpaw for @SteamDB.;False;False;69488;4;138;0;904;2015-11-18 23:15:36;False
2231844600;al;fandegw;;None;_;False;False;14;365;1;1219;894;2013-12-05 18:12:16;False
503385886;A.;herzbrechend;;https://t.co/N1KUZABPX3;‚ÄûEvery day is a new day, and you'll never be able to find happiness if you don't move on.‚Äú;False;False;2166;105;16;4397;18296;2012-02-25 18:41:01;False
869934469385420802;DTBT;DreamTheaterBT;;None;;False;False;2;108;0;69;0;2017-05-31 15:11:54;False
934857298647728128;Adam;GoldShaker68;Colorado, USA  ;None;TWD News,Music,Entertainment,Lifestyle,Arts,  Culture,Gaming,And Technology;False;False;3;224;0;3;28;2017-11-26 18:52:03;True
948819357223694336;Rainbow Sparkle Crystal;Wasina5;;None;;False;False;0;31;0;3;2;2018-01-04 07:32:17;True
1262170782;Elektryon | Winter Venom;IamElektryon;Th√ºringen, Deutschland;None;Gamer | Fachinformatiker | Cosplayer | App-Entwickler | Redakteur | Next Cos: Gute Frage;False;False;116;210;5;8804;4844;2013-03-12 15:04:42;False
896946102603329536;Bethany//B;Minionpolaroid;;None;Are you in love, if so, what type?\nüíô;False;False;17;263;0;3834;302;2017-08-14 04:06:30;False
849048453984505856;Sol1tary-;Sol1taryy;;https://t.co/z2b0nvMDIb;ex Pubg competitive Player  22years old;False;False;118;478;0;9665;1985;2017-04-03 23:58:20;True
703370607119839232;Rocket League Esports;RLEsports;San Diego, CA;https://t.co/5zrxXT6k4S;The official Rocket League Esports Twitter account! Home of competitive @RocketLeague including the RLCS, Rival Series, and CRL. https://t.co/yCCL7yQhGx;False;True;150357;110;305;1338;7975;2016-02-27 00:06:35;True
4485375682;MillenniumRL;MillenniumRL;;https://t.co/JjPjli8bgg;20 | Competetive Rocket League player | Coach | Twitch Affiliate | 1v1 noob;False;False;133;235;0;1908;1142;2015-12-14 21:50:54;False
933439656338718720;Jurassic World Alive;JWorldAlive;Earth;https://t.co/yv1p2mXksV;They‚Äôre ALIVE in our world and roaming free in your cities and neighborhoods! Follow us for the latest #JurassicWorldAlive news!;False;True;41914;10;50;216;548;2017-11-22 20:58:51;True
974959489458868224;VPX Tiltproof;VPX_Tiltproof;Lower Saxony, Germany;https://t.co/f4srqYoTta;League of Legends Player, 22 y.o. | Retired Supporter for @vuptrox League of Legends Main Team | \nTaking a break right now;False;False;33;61;0;292;60;2018-03-17 10:43:50;False
2313613867;1UP ESPORT;1UPESPORT;Germany;https://t.co/grltVF8Aa0;International eSports Organisation founded 2010 in Germany. We are presenting professional teams on #PC, #PS4 & #XBOX | #SixInvitational 2018;False;False;5270;348;30;6216;3679;2014-01-27 12:56:21;False
1129855724811628547;German Rocket League News;RocketGerman;;None;Hier werden Rocket League News zur Nitro League und anderen Rocket League Events im Deutschsprachigen Raum gepostet.;False;False;19;16;0;9;12;2019-05-18 21:06:11;True
1047535057924231169;DVision eSports Diner;eSportsDiner;Cologne, Germany;https://t.co/bT5CK5xLwH;üçîüéÆüòé founding an eSports and gaming restaurant in Cologne, from gamers for gamers.;False;False;297;516;2;5022;542;2018-10-03 17:13:14;False
2413041932;∆µŒû√ê√ê√ò;ZeddoRL;Niedersachsen, Deutschland;https://t.co/hRYZJloaK4;Competetive üá©üá™ RocketLeague Player Twitch: https://t.co/5B5dRhOQLq;False;False;671;194;1;1315;947;2014-03-26 19:33:36;False
3318648297;Huawei Deutschland;Huawei_Germany;Germany;https://t.co/rg7RtRtios;Huawei ist ein weltweit f√ºhrender Anbieter von Informationstechnologie und Telekommunikationsl√∂sungen;False;True;7604;196;15;83;572;2015-06-11 10:10:54;True
267370141;jjZZi.;jjzzi_;;None;23 | captain of @teamZODIACS RL | visited lans: DH Leipzig 2018 and 2019, #LANdon Team 110, #LANvegas Team 104 | DH Valencia '19 soon @pingupon ü•∞;False;False;104;312;0;2982;888;2011-03-16 20:39:56;False
4426823895;StevieT;StevieT299;Wolfsburg, Deutschland;None;Professional Rocket League Player for ? / from Germany / Twitch Affiliate;False;False;173;808;0;3542;1730;2015-12-09 13:13:11;False
896132449561915392;eSports Championships;eSports_Champs;United Kingdom;https://t.co/RTTpeSdEo1;||üèÜüéÆ eSports Championships üéÆüèÜ|| Twitch Affiliate hosts of Rocket League,  FIFA 19 and CS:GO tournaments.;False;False;946;1161;2;542;328;2017-08-11 22:13:20;False
948670245618688000;Sebastian Amirola;UtopiaSeb;;None;;False;False;0;10;0;4;10;2018-01-03 21:39:46;True
3179980906;Benji;IamMBenji;;None;üá©üá™üá¨üáß RL Caster @UEGLiga & @NitroLeagueRL | Twitch Manager @NitroLeagueRL | Very Cute Caster and Human Image of Nacho Cheese Thor;False;False;221;234;0;925;1627;2015-04-18 16:34:27;False
4767223636;quinnovem;quinnovem;;https://t.co/FkOVjEIf2n;https://t.co/FkOVjEIf2n;False;False;36;337;0;3528;510;2016-01-10 19:38:06;False
723039213378105344;Agentur Lorenzoni;AgenturL;Erding, Deutschland;https://t.co/WqGxOyGhah;;False;False;83;269;12;916;640;2016-04-21 06:42:36;False
18241504;Alexander Klarmann;allesklarmann;Heidenheim an der Brenz;https://t.co/87m11EX5ba;#DigitalNative. #Texter. #Festival- & #Eventfotografie. Co-Founder @makemunich .;False;False;551;470;49;567;19729;2008-12-19 13:32:40;False
1110638352339034114;_dergummermannüêæ;dergummermann;;None;;False;False;0;17;0;26;12;2019-03-26 20:23:12;True
142716222;Noskov;Sosnoolee;Russian Federation, Moscow;None;Ain't the sharpest tool in the shed;True;False;52;70;0;1229;1791;2010-05-11 15:26:23;False
2997704188;Kotton;Kotton_Gamer;Colorado, USA;None;https://t.co/hzc9hwvMcw Live Shows\nhttps://t.co/eE9WeeiIhR Videos;False;False;17782;114;22;1685;2506;2015-01-25 11:36:39;False
2294443778;Sola;LoLSola;Berlin;https://t.co/dImhMHe6gZ;Spandauer Inferno ADC & deutscher LEC Kommentator | Anfragen: \nsola@freaks4u.de |\n\nImpressum: https://t.co/FZTp2jbJfE;False;False;76307;861;66;16779;13160;2014-01-16 13:24:51;True
875367070212530176;Electromaker.io;ElectromakerIO;;https://t.co/UkqVI7hUyx;News, reviews and hardware tutorials. Use our platform to share your projects with the global maker community.;False;False;8834;1302;66;2910;6099;2017-06-15 14:59:07;False
842660046102323200;VDE-Institut;VDEinstitut;Offenbach am Main, Germany;https://t.co/lDWaDXkR1B;Testing and Certification of electrotechnical devices, components and systems: https://t.co/7bi6VKaV6K;False;False;2711;222;26;1438;4650;2017-03-17 08:53:05;False
183437947;Andreas Bourani;bourani;;https://t.co/oDG14JKKgk;‚òÖ  …™·¥Ñ ú  ô…™…¥ ·¥á…™…¥·¥á …™·¥Ö·¥á·¥á;False;True;166477;1;173;273;1433;2010-08-27 00:31:35;False
52354055;ZKM Karlsruhe;zkmkarlsruhe;Karlsruhe, Deutschland;http://t.co/KDAB6mJwnJ;The ZKM | Center for Art and Media is a house for all media and genre, at home in the digital world and Karlsruhe! https://t.co/KDAB6mJwnJ | #zkmkarlsruhe;False;False;21750;1531;650;4013;6790;2009-06-30 09:41:38;False
60338766;Razorcat;razorcatGmbH;Berlin, Deutschland;https://t.co/R4FtUiDZja;We are your partner for testing embedded software. #TESSY #CTE #ITE #CCDL.;False;False;65;11;4;50;78;2009-07-26 16:29:59;False
79293791;Rihanna;rihanna;;https://t.co/KbNW11dCfc;@fentyofficial;False;True;91201825;1086;102930;993;10300;2009-10-02 21:37:33;False
2865279429;Irina H√ºbner;Irina_Huebner;Haar bei M√ºnchen;https://t.co/SmhFvMaw8u;Redakteurin Leistungselektronik, Antriebstechnik, Beruf & Karriere und Forschung f√ºr Elektronik, elektronik.de und elektroniknet.de;False;False;461;605;0;2430;593;2014-11-07 07:54:52;False
19072286;Jan B√∂hmermann ü§®;janboehm;Berlin, Deutschland;https://t.co/U7UMQIGoXS;üá™üá∫ / from the motherland of fun and laughter / customer service line +49 221 97581870;False;True;2100322;1223;2583;20113;22092;2009-01-16 15:55:55;False
348916892;Friedrich L√ºtze GmbH;LuetzeSolutions;D-Weinstadt;http://t.co/rUpyiiNL7X;Efficiency in Automation ‚Ä¢ \n        Cable ‚Ä¢ Connectivity ‚Ä¢ Cabinet ‚Ä¢ Control;False;False;3380;2477;115;12852;12981;2011-08-05 06:33:47;False
21447363;KATY PERRY;katyperry;;https://t.co/tDhjYyS7GQ;Love. Light.;False;True;107443773;216;140124;6655;9934;2009-02-20 23:45:56;False
1097872939951763456;Selineo;Selina05593790;;https://t.co/OYg2CEwRfH;Technikjournalistin\nhttps://t.co/T1bFTcRblX;False;False;59;85;5;244;157;2019-02-19 14:58:01;False
849183466285670401;Andreas Pfeffer;autopfeffer;Haar, Deutschland;https://t.co/b0uqsmW7zy;Redakteur Elektronik automotive;False;False;216;169;7;339;744;2017-04-04 08:54:50;False
78353272;Ralf Stegmann;ralfstegmann;Heilbronn, Germany;http://t.co/iC3kNB82zi;;False;False;67;63;2;605;489;2009-09-29 16:28:50;False
246825422;CRO;thisiscro;stay tru;https://t.co/KCaUBD0Gcs;STAY TRU TO YOURSELF.;False;True;1783800;252;856;9966;4149;2011-02-03 15:06:16;False
5734902;tagesschau;tagesschau;Hamburg;http://t.co/yDmSELMM93;Die Nachrichten der ARD;False;True;2512784;313;8517;3538;174639;2007-05-03 08:42:42;False
813286;Barack Obama;BarackObama;Washington, DC;https://t.co/93Y27HEnnX;Dad, husband, President, citizen.;False;True;106350852;614006;229137;11;15629;2007-03-05 22:08:25;False
832760641412751361;p√ògg;Pooggg_;;None;ddddddddd;False;False;200;521;0;5118;713;2017-02-18 01:16:23;False
1016691623579799553;Mattia1910;Mattia19103;;None;;False;False;3;145;0;396;0;2018-07-10 14:32:27;True
821775878661275648;BlueMC;Jinqishii_Edi;;None;;False;False;7;104;0;45;3;2017-01-18 17:46:52;True
1036039371386806272;Kayla Bastien;bastien_kayla;;None;Hi I‚Äôm Kayla and I love drawing;False;False;1;28;0;7;2;2018-09-01 23:53:29;True
1092837817934405632;HulkmodusPUBG;HulkmodusPUBG;Vienna, Austria;https://t.co/SlZ68CY7nR;;False;False;22;13;0;9;4;2019-02-05 17:30:14;False
2530793394;Na ich;MrsSmallNoName;Mama's Nest;None;Hauptkommandantin √ºber die K√ºkenarmee. Rechtschreibfehler mit Gew√§hr.;False;False;136;170;1;9836;10780;2014-05-28 20:36:21;False
3883689801;Frederik Hinteregger;noway4u_sir;Munich, Bavaria;None;Influencer f√ºr Fnatic;False;False;38285;160;20;1684;3198;2015-10-06 20:41:17;True
1044148528153579520;Dustin;DerSmitz;;None;;False;False;1;57;0;107;45;2018-09-24 08:56:23;True
61730878;VDE Technology Association;VDE_Group;Frankfurt am Main, Germany;None;tech tweets for an e-dialistic future #ediale #technology #energy;False;False;4092;1050;144;2770;3082;2009-07-31 09:03:59;False
1051067892341661696;Genas;Genassssss;;None;;False;False;37;445;0;322;37;2018-10-13 11:11:28;True
2983010074;üåπ;dagiloven;;None;;True;False;2669;72;22;74727;49706;2015-01-17 19:17:45;True
1022109699905400834;Sonja Winkler;SonjaWinkler11;;None;;False;False;13;12;0;3;0;2018-07-25 13:21:57;True
14553288;B√úNDNIS90/DIE GR√úNEN;Die_Gruenen;Deutschland;https://t.co/dt6J1mBjNg;Kommt, wir bauen das neue Europa!;False;True;461285;6228;2584;3087;18361;2008-04-27 00:06:25;False
100220864;Bruno Mars;BrunoMars;;https://t.co/lrnSFFfTtz;;False;True;42875012;97;37804;338;4592;2009-12-29 13:07:04;False
4590897863;@Bhyldir;Bhyldir;;None;;False;False;64;91;0;807;115;2015-12-24 16:21:06;False
2863678223;Joachim Kroll;krolljo;Haar bei M√ºnchen;http://t.co/rUvWOeUGgr;Stv. Chefredakteur Elektronik;False;False;199;55;5;139;178;2014-11-06 11:02:37;True
1038699625895608320;Tobias Schlichtmeier;schlichtmeier;;None;Redaktionsvolont√§r Elektronik;False;False;26;25;2;28;14;2018-09-09 08:04:23;False
1588434456;Karin Braeckle;KBraeckle;M√ºnchen, Bayern;None;Manager Media Relations at @Infineon -- Design addict, food lover and mother of 2 -- views are my own;False;False;150;212;38;246;1044;2013-07-12 13:11:01;False
1467312408;BotBQ;BotBQ;Germany;https://t.co/XiwKFp8R5D;BotBQ - The Open Source 3D Printing BBQ! head to https://t.co/qlG4UE8fIL to find me these days;False;False;450;1006;128;7909;3267;2013-05-29 13:52:29;False
702097484735258624;Cornelia Meier;cmeier_Ek;Haar, Deutschland;None;Redakteurin Elektronik/Elektronik neo;False;False;290;402;20;450;410;2016-02-23 11:47:39;False
25584009;Catherine Schneider;CatherineSch;M√ºnchen, Bayern;https://t.co/2lEVYXNsrO;Technical Content Creator & Media Networker @mexpertsag / Proud Mum of 2 Soccer Boys. Tweets on PR, Semiconductors, Embedded, Engineering & for Fun!;False;False;694;914;28;492;1377;2009-03-20 21:53:57;False
981167570421088259;Sergio gonzalez bellido;WolfsbrainDx;;None;;False;False;1;59;0;73;70;2018-04-03 13:52:32;True
2832284292;ali surchi;Ali_Jan0;Leipzig, Germany;None;;True;False;45;287;0;143;27;2014-09-25 23:11:05;True
995946574378405888;TheFusionMC;_TheFusionMC_;Vereinigtes K√∂nigreich;https://t.co/sSUZOb9dfD;Join us on https://t.co/erbaJ38geu\n                    https://t.co/tUqQVHCi6X;False;False;13;120;0;95;12;2018-05-14 08:39:01;True
465213390;Aaron Grooves;aarongrooves;;None;;False;False;51;23;1;12;52;2012-01-16 03:09:15;False
953227288144990210;TPR International;TPR_tradepress;Olching, Deutschland;https://t.co/s942np4gCg;The PR Specialist for Power Transmission, Motion Control and Automation;False;False;205;1120;2;49;324;2018-01-16 11:27:50;False
1437808975;ensyab.ly;ensyably;;None;;False;False;21;303;0;139;5;2013-05-18 08:31:34;False
4852786330;Joel Chapman;iamjoelchapman;Oakland, CA;https://t.co/53Bre8o0jH;Bay Area singer, conductor, and songwriter. https://t.co/5loEUuPq9b Also I do this: https://t.co/BfFYlnJuXt;False;False;167;492;1;169;434;2016-01-27 07:26:03;False
414569910;jackantonoff;jackantonoff;new jersey;None;jack from bleachers;False;True;153542;141;587;2279;337;2011-11-17 06:33:02;True
943481761216040960;Donald H. Klopolski;DKlopolski;;https://t.co/BKRUWBDrGY;Rutronik24: e-commerce in New Dimensions;False;False;25;84;0;247;248;2017-12-20 14:02:35;True
3069528333;Nudel;madame_hoe;Lost in Wonderland;https://t.co/v4SAHfYtpm;queer verr√ºckt chaotisch | potterhead/Hufflepuff | sucker for tattoos piercings pain | born from a boom box | üñ§üñ§üñ§;False;False;277;34;11;1783;11786;2015-03-04 09:52:50;False
315327289;ghostroadcompany;theghostroad;;https://t.co/0Ou47FlWK6;To imagine what could be by exploring what is.;False;False;628;465;19;189;244;2011-06-11 17:43:44;False
79923701;Lin-Manuel Miranda;Lin_Manuel;Washington Heights;https://t.co/1U0poRLi4I;Former substitute teacher. https://t.co/KNRgSFxx3A;False;True;2840735;3032;7532;45848;60264;2009-10-05 04:59:07;False
959427418757980161;Sebastian Hoer;Hoerizont;Ispringen, Deutschland;https://t.co/Q2FYPMwtk4;PR-Referent bei Rutronik Elektronische Bauelemente GmbH;False;False;75;91;1;117;180;2018-02-02 14:04:56;True
1032034714775957504;Swiftfire211;swiftfire211;St Louis, MO;None;Minecraft builder, Pokemon trainer, and overall gamer.;False;False;29;315;0;1296;19;2018-08-21 22:40:25;True
979633080070737920;Dade killion;dade_killion;;None;;False;False;1;7;0;28;1;2018-03-30 08:15:01;True
83864501;Matth√§us Hose;matthaeushose;;None;Publisher WEKA FACHMEDIEN;False;False;115;74;4;260;107;2009-10-20 15:26:27;True
3334229823;Matthias May;matthiasmay2;;None;Mechanical Engineer, Writer, Editor, Consultant.;False;False;35;62;0;82;22;2015-06-19 08:03:58;True
1024837812200169474;Jessica Hollister;JessicaHollist7;;None;;False;False;0;2;0;0;0;2018-08-02 02:02:29;True
1026452987693215744;Minecraft(rocky);Rocky07598651;Australia;None;sleep Al day make mc videos all night;False;False;10;138;0;104;124;2018-08-06 13:00:37;True
872764332819578880;PREMODeutsche;PREMODeutsche;;https://t.co/2vMvsTeg2F;Weltweit F√ºhrend in #Innovativen #Magnetischen Komponenten, die #Technologie f√ºr die 4. #4RI #RFID #NFC #VR #AR #IoT #EV #M2M #Antennen #Automobilindutrie;False;False;112;363;7;232;584;2017-06-08 10:36:46;False
1028730195203829760;izadora lima;izadora04511360;;None;üò¢üò¢üò¢üòëüòëüòëüòêüòêüòêüòÄüòÄüòÉüòÉüòÑüòÑüòâüòâüôÉüôÉüòû;False;False;1;25;0;12;2;2018-08-12 19:49:26;False
1024985203972890625;Î∞ïÏßÄÌõà;NXr8ChxWZU6DGLs;;None;;False;False;0;1;0;0;0;2018-08-02 11:48:10;True
105008649;NACA Northern Plains;THENACANPL;St Paul, MN;https://t.co/3O7lAqs493;The 2019 Conference will be held March 28-31 in St. Paul, MN.;False;False;976;759;16;885;1539;2010-01-15 02:18:58;False
22381430;Scot Nery;scotnery;Hollywood, CA;https://t.co/ry0fd3RzZ1;live entertainment expert;False;False;1237;363;43;2794;6379;2009-03-01 17:12:04;False
36889519;RŒõMIN NŒõSIBOV;RaminNasibov;Berlin, Germany;https://t.co/e8ijeZ30ck;is a Designer & Art Director. \nE-Mail: ramin@nasibov.me\nLogofolio: https://t.co/igJWD5Oyfu Instagram:https://t.co/cSS0SOS4jD;False;True;722183;462874;3540;1076429;464;2009-05-01 05:13:30;False
2915629133;Dear Evan Hansen;DearEvanHansen;New York, NY;http://t.co/XshyggtaVi;The Tony Award¬Æ-winning Best Musical on Broadway, in Toronto, London and cities all across America.\n#DearEvanHansen;False;True;162492;293;262;34329;30186;2014-12-11 14:59:11;False
4115183997;Marcus Violette;violetteculture;;https://t.co/T0UWsxcR87;;False;False;9;36;0;3;6;2015-11-04 22:57:10;True
1536791610;President Obama;POTUS44;Washington, D.C.;https://t.co/OTH6ss7aE4;This is an archive of an Obama Administration account maintained by the National Archives and Records Administration (NARA).;False;True;14967899;79;25913;3;352;2013-06-21 16:02:21;True
306093401;Four Clowns;4Clowns;Los Angeles;https://t.co/BzpWwBlWoq;Award-winning LA based internationally touring clown troupe. daring & energetic - HuffPo.;False;False;2915;2859;45;931;4420;2011-05-27 08:25:28;False
998308467852095488;Reisedirekt Europa;reisedirektEU;Switzerland;None;Die besten TOP-Angebote aus der Reise- und Kreuzfahrtwelt - europaweit;False;False;1046;3015;0;1868;6599;2018-05-20 21:04:21;False
2799687003;The Cover;TheCoverTV;Pavillon Baltard;http://t.co/ZJdcs9xVud;L'√©mission √©v√©nement pr√©sent√©e par @CyrilHanouna. Rendez-vous le 15 octobre sur @D8TV en direct du Pavillon Baltard  !;False;False;1029;19;0;1;73;2014-10-02 11:19:00;True
885825985;Brodie Ranzau;brodieranzau;;None;;False;False;329;409;0;1755;634;2012-10-17 02:06:11;True
17587207;Bo Burnham;boburnham;;None;;False;True;1782964;579;6314;11168;5659;2008-11-24 06:12:25;False
2753494578;Alex Lacamoire;LacketyLac;;None;Music Guy;False;True;118450;493;428;25756;4667;2014-08-22 01:03:39;False
315435242;Stage Manager;SM_Problems;The Booth;None;Sometimes, we have problems too, so we put on our big girl panties and tweet about them.;False;False;3895;36;64;204;2108;2011-06-11 21:30:22;True
2705742985;Eric Escalante;endme_;Los Angeles, CA;https://t.co/XAqi6jRHCf;;False;False;116;234;0;10662;866;2014-08-04 05:08:46;True
2580934826;Sean Dooley;spdooley;;None;;False;False;5;15;0;2;20;2014-06-21 19:33:45;True
496164169;Jackson Dean Walker;JWalkTroubador;;None;Haha- whoops.;False;False;90;357;1;188;103;2012-02-18 17:39:21;True
37185282;Julian Alexander;JulianGar;Los Angeles, California;http://t.co/5uxmgEmeoN;Actor and producer from Miami, Florida.;False;False;112;230;2;165;239;2009-05-02 12:09:11;False
759651080435212288;Chandran U;ChandranU1;Theni Silvarpatti , India;None;Government and Politics;True;False;49;540;0;1903;1938;2016-07-31 07:25:06;True
1113862047056285696;Aasha;Aasha98388672;;None;sex;False;False;79;686;0;2;0;2019-04-04 17:53:01;True
1129987059140239360;Wasser009;wasser009;Bretten, Deutschland;None;;False;False;2;63;0;0;1;2019-05-19 05:48:03;True
900487103250878466;dein fan;NielsVesux;;https://t.co/BSFTT5Bxj2;17 √ó @niels_privat √ó Handball, Basketball, Schwimmen;False;False;425;29;1;3012;167;2017-08-23 22:37:10;True
190125669;sarah duncan;sadunca;;None;;False;False;134;312;0;1070;465;2010-09-13 03:44:52;True
116010068;Justin Ramos;justramos;New York, NY;https://t.co/mgwgsYAOG0;Dreams come true;False;False;744;598;4;31805;13475;2010-02-20 20:11:36;False
419178193;Stage Manager Probs;stagemngrprblms;;None;;False;False;3717;106;41;720;415;2011-11-23 01:57:03;False
24572575;M‚Ä¢e‚Ä¢g;MeganPatsel;Brooklyn, NY;https://t.co/9Pba6jBRXN;writer ‚òÑ comedian ‚òÑ artist;False;False;324;418;3;7631;6480;2009-03-15 19:38:25;False
1515031507;Broadway Basics;BroadwayBasics;Broadway! New York, NY;http://t.co/xywEWgWbSd;Stage Management Workshops and instruction with Broadway Stage Managers;False;False;648;1219;7;687;1371;2013-06-14 02:01:44;False
171808025;Gern;Ponyboybaddie;;None;Dog whisperer;False;False;278;381;1;6824;7380;2010-07-28 06:11:10;False
500042487;Steve Carell;SteveCarell;Los Angeles;None;Official Steve Carell;False;True;5714383;56;13557;0;147;2012-02-22 18:57:30;True
538645798;Mike Brown;BR0WNIEP0INTS;Earth;http://t.co/AhybKV4XWp;Me pointing things out!;False;False;108;67;5;40;560;2012-03-28 02:09:53;False
39356774;Christina Foster;christinamf90;LA;None;Human. Female. Student. Actor. Funny Business;False;False;83;307;2;5;133;2009-05-11 22:14:25;False
55161901;Joe Bereta of The Valleyfolk;joebereta;Your Dreams;https://t.co/yyGmpGmToW;entertainer?;False;True;188026;906;804;3752;11911;2009-07-09 06:19:02;False
71725716;Rachel Brienzo;rachelbrienzo;Los Gatos, CA;None;;False;False;118;201;1;199;1669;2009-09-05 04:24:15;False
1197933978;Nathan Robertus;NathanRobertus;;None;If you can't handle me when my palms are sweaty, you don't deserve my mom's spaghetti.;False;False;68;171;3;113;110;2013-02-19 16:45:39;False
164360955;Adam Mead;AdamPMead;;None;;False;False;333;408;0;1460;6105;2010-07-08 17:53:05;True
412491418;Bridgette Bartlett;bbartlett1019;;http://t.co/GjLeemuJiX;HOSEA 6:3. Laid down lover. I'm His beloved.;False;False;87;197;1;965;1610;2011-11-14 19:17:15;False
25340176;Sprinkles Cupcakes;sprinkles;The Original Cupcake Bakery;https://t.co/C1wrlC8jJH;The world's first cupcake bakery also brings you Sprinkles Ice Cream, Sprinkles Cookies and the Cupcake ATM!;False;True;141731;6;2227;6425;11571;2009-03-19 17:12:18;False
740216334;PSY;psy_oppa;KOREA;https://t.co/N0vpPvtkIb;PSY from P NATION;False;True;4467250;655;6881;16;4685;2012-08-06 09:15:58;False
22461427;Al Yankovic;alyankovic;Los Angeles;https://t.co/AQRv276mUy;You know... the "Eat It" guy.;False;True;5158380;596;30716;3989;3963;2009-03-02 07:00:29;False
23014540;Micaela Berghall;micaelaberghall;Oregon;None;;False;False;125;782;2;36;1072;2009-03-06 02:01:42;False
360017196;A. Miller;iLA2AZ;;None;;False;False;14;55;0;20;85;2011-08-22 15:14:21;True
20104965;Kate Micucci;katemicucci;Los Angeles, CA;https://t.co/Gf2DMbW4FR;;False;True;140700;1282;2019;8075;4187;2009-02-04 23:07:56;False
924381114852134912;Volcano üèÉ‚Äç‚ôÇÔ∏èüè≥Ô∏è;VolcanoSMC;contact@volcanomc.net;https://t.co/AGtvT1MMuw;Creating Minecraft Experiences |  Official @Minecraft Partner | [Lucky Block Race] Out now on the Minecraft Marketplace!;False;False;118;157;0;290;70;2017-10-28 21:03:26;False
28524375;Phil Rogers;realphilrogers;New York City;None;the official handle for Phil Rogers;False;False;18;40;0;0;14;2009-04-03 07:44:02;True
974769948303048705;üíÉ‚ù§Ô∏è;anuenue_nene;;None;JUST BE / „Éê„É¨„Ç® „Éü„É•„Éº„Ç∏„Ç´„É´ „ÅåÂ•Ω„Åç„Åß„ÅôÔºÅ;False;False;29;146;0;509;47;2018-03-16 22:10:40;True
807166088861585412;George Hudson;Aaron_Wilky;;None;The Portliest of all Railway Magnates;False;False;7;172;0;280;444;2016-12-09 10:12:46;False
169701261;Nate;N8yi_;;https://t.co/HR3RiJjC51;Photographer Sony a7iii, #GreenWall, CCU '20.;False;False;834;1740;3;92342;18124;2010-07-22 23:47:39;True
388519809;Greg Irwin;IrwinGreg;Los Angeles, CA;None;Baller/Shot-caller/Brawler;False;False;117;571;2;12;493;2011-10-10 21:50:53;False
1958342587;corey;corey92103;;None;;False;False;4;300;2;19807;1133;2013-10-13 08:51:08;True
471348189;Carol Schneider;stingersch;;None;;False;False;29;362;0;2667;325;2012-01-22 19:23:35;True
1472326640;Stu Ayers;ayerss3;Bergenfield, New Jersey, USA;https://t.co/2FM4SmcK64;I am interested in several different styles of music.;False;False;1505;3136;13;1903;2695;2013-05-31 14:44:16;True
2302080738;lightning777;lightning7743;France, Krystal-star, Emerald-sun;None;lightning;False;False;17;122;0;677;13;2014-01-20 22:02:26;False
1094823452207329280;Tjohn2005;TYE420boi;;None;I'm jealous of my parents, I'll never have a kid as cool as theirs;False;False;2;87;0;656;65;2019-02-11 05:00:26;True
1115922083488444416;RedPanda;RedPand77990489;;None;im a fucking idiot;False;False;1;114;0;306;5;2019-04-10 10:18:52;True
899402600868712452;Holly;HollySkycade;The Cade;None;Full-time #ratofinstagram;False;False;1012;116;0;1026;231;2017-08-20 22:47:44;False
870834855382102016;Ben Elliott;Nebliott;Greenwood, AR;None;My thoughts and opinions are those of an ancient demon residing in my body.;False;False;3;112;0;43;21;2017-06-03 02:49:43;True
55235469;Daniel Watts;GingerWattsy;;None;;False;False;18;907;0;103;153;2009-07-09 13:32:32;True
1088581745094656001;teloivweird;teloivweird;;None;Animators are actors with pencils;False;False;28;400;0;15;46;2019-01-24 23:38:07;True
747900978792378368;BoxOfMusic;BoxOfMusicYT;;https://t.co/UGjicdHSmF;I create illustrated music box videos on YouTube of songs from anime, video games, movies, and pop/rock.\n~Think Outside the Box(OfMusic)~;False;False;107;189;1;4165;487;2016-06-28 21:14:23;True
1505242686;tuan le;LeTuandle;;None;;False;False;187;2345;0;6343;335;2013-06-11 17:24:05;True
404325298;Mark Frolick;MarkFrolick;Cincinnati, OH;https://t.co/nCEmOFk5J2;Photographer, Cheetah Whisperer, Fan of @bluemangroup   \n\n Instagram: https://t.co/WdxJZI28Qo;False;False;95;133;0;60;6196;2011-11-03 19:20:39;True
720752025047158785;ü¶ä;RaulJaiman;;None;;False;False;218;572;1;3398;9273;2016-04-14 23:14:08;True
873658488626589696;jys-508;Jayy08508;;None;puppies are cute.;False;False;44;171;0;27542;3;2017-06-10 21:49:50;True
1934672378;Haldemann Dominique;kikibolet;;None;;False;False;6;11;0;1;4;2013-10-04 15:57:50;False
1030241494567997440;Makrophage;makrophage931;;None;;False;False;2;150;0;873;40;2018-08-16 23:54:48;True
198736794;Scott Strippel;scottyEMT108;Rothsville, Pa;http://t.co/5WMdZ0ozZb;;True;False;16;53;0;14;141;2010-10-05 03:03:53;False
2353375605;Davinia Phillips;daviniaphillips;England, United Kingdom;None;mum to 3 gorgeous girls.;False;False;18;133;0;76;31;2014-02-19 22:14:36;True
3163086584;justh3nry;justh3nryOwO;Neverland;None;that one guy you know but also dont know;False;False;184;1179;3;4563;4623;2015-04-18 23:55:33;False
869992467508060161;Frank;PikaPikachu1994;;None;;False;False;0;6;0;0;0;2017-05-31 19:02:22;True
56661271;julie Coop;marginbuu;manchester;None;I am who I am;False;False;1;8;0;0;4;2009-07-14 10:31:04;True
857652534072266755;Kevin Van Londen;kevin_londen;;None;;False;False;6;34;0;19;248;2017-04-27 17:47:53;True
1639492723;David Munck;dmunckm;;None;;False;False;78;528;0;8469;951;2013-08-02 03:23:47;True
948946515975917568;Joa;Joa24108245;Buenos Aires, Argentinien;None;Ahre;False;False;11;161;0;22;8;2018-01-04 15:57:34;True
875467333271244806;Hao;Doki_Antagonist;Your local grocery store;None;OK fuck it, changing my bio in memoriam of mollymauk, that free spirited bastard...\n\n#eyesnevershut;False;False;209;207;0;1952;3226;2017-06-15 21:37:32;False
4029415273;Spencer Sharp;S_Sharp33;Lincoln, NE;None;;True;False;28;308;3;7481;857;2015-10-26 23:24:28;True
844235239882969089;Tommy Sadler;TommySadler2187;;None;Ivo Pinto;False;False;21;401;0;2262;121;2017-03-21 17:12:21;True
887303259366596609;_TheDave_;ll_TheDave_ll;;None;;False;False;0;21;0;0;0;2017-07-18 13:29:17;True
937716171973038080;ighsaan loff;loff_ighsaan;;None;I run this;False;False;301;1793;0;2205;5206;2017-12-04 16:12:12;True
1663662944;D. Dragon;BellaContreras1;Texas, USA;None;Wanna turn the world upside down with me?;False;False;112;566;0;7302;1260;2013-08-11 23:12:27;True
1210058736;Christina K Irwin;ChristinaKIrwin;;None;;False;False;2;2;0;1;1;2013-02-22 23:30:30;True
609346054;Andreas Frena;SpinningMoebius;;None;Developer | Casual Gamer | Hiker&Climber The odd one out is for you to decide;False;False;28;598;0;5061;14;2012-06-15 18:48:15;False
4420595956;Patricia Brown;rockchick325;Michigan, USA;None;Homemaker, Rock singer;False;False;73;208;1;2922;1202;2015-12-08 23:14:24;False
1121568217;jaco5582;jaco5582;;None;;False;False;8;53;0;22;78;2013-01-26 10:14:37;True
971344053676724224;markuz zhichie;markuz_zhichie;;None;;False;False;12;196;0;5;3;2018-03-07 11:17:23;True
826665199386054656;DRP Alumni;drpalumni;Los Angeles, CA;https://t.co/YaInPCYlFv;BUY TICKETS to our annual alumni show!;False;False;14;269;0;2;18;2017-02-01 05:35:17;True
882680350652149765;Aliyahu;Aliyahu15;;None;This bio isn‚Äôt creative.;False;False;40;118;0;63647;1426;2017-07-05 19:19:29;False
972750752;BroDeer;_BroDeer;Luxembourg;None;LeagueOfLegends, Gamer, #Proud#ToBeA#Nerd;False;False;9;197;0;719;53;2012-11-26 21:31:57;False
953961534195200000;Chaos_dubstep;DubstepChaos;Germany;None;;False;False;2;37;0;24;3;2018-01-18 12:05:28;False
281682043;Christina Giarraputo;Critty1973;Texas, USA;None;I am a mother, a sister, an aunt, an eyelash enthusiast, ....and lover of life!üòç"Copycats and lazy brats are the last thing I wanna see...."Awol'süòÅ;False;False;30;370;1;133;112;2011-04-13 19:17:49;False
886656939806998528;ConversationsRadio;Conversradio;Los Angeles, CA;https://t.co/31QJLxXugR;'Conversations' The Podcast;False;False;175;687;1;5278;2306;2017-07-16 18:41:02;False
3277784120;d√©membreur TABARY;robin_tabary15;Aurillac, Auvergne;https://t.co/RnfCvSkrMJ;;False;False;63;685;1;1279;1361;2015-07-12 19:41:37;False
3148149337;Julie;rexxrawrr;North Canton, OH;None;Ohio;False;False;13;51;0;213;264;2015-04-10 13:55:48;True
19126843;Tiffany;curiousgood;New Hampshire;https://t.co/ZixyyeiThm;Dilettante;False;False;149;406;12;466;789;2009-01-17 22:43:52;False
3027127450;Ivy ‚ô°;Necienna;;None;Hey, hey, I'm Ivy‚ô° and Iam playing on accordion. I also write songs. Be my friend?  :);False;False;807;1383;1;180;431;2015-02-09 19:52:42;False
787471748;Andy Nation;MrAndrewNation;Ponte Vedra Beach, FL;https://t.co/QwPWXaybba;Instructional Tech Specialist @BollesSchool -Ô£ø ADE2017, Schoology Ambassador, MIE Master Trainer, Flipgrid Certified, Adobe Campus Leader, Troy U;False;False;615;1594;6;415;1188;2012-08-28 17:28:01;False
25367363;Carsten Dieckmann;SniperHyper;Haar, Deutschland;None;;False;False;30;300;0;1203;1067;2009-03-19 19:35:22;False
849532604642713602;Michael Allen;Maj_Myk;;None;With God's love, Jesus's help and the power of the Holy Spirit I'm doing the best I can...with a decent cup of coffee...;False;False;7;58;0;26;159;2017-04-05 08:02:11;True
1146487831;Cooper...;iaincooper1970;Hampshire, UK;https://t.co/HVfhPzEION;Gay guy from Basingstoke.Married to hubby, Chris. Friends and play dates. And I'm a lego geek! Run a sports injury and massage practice. üë£üö¢;False;False;500;3709;6;1779;1451;2013-02-03 23:11:57;True
1078513890;Ron Glenn;RonGOfficial;Durham, NC;https://t.co/vooyf997xL;I am a gay singer-songwriter/Pok√©mon master who loves comics! I write novels, games, and movies as well! Please follow me if you like and check out my stuff!;False;False;375;3296;4;5469;6562;2013-01-11 04:48:31;False
853289278390112257;Josue‚ô§;HellPho3niXGMD;Daule, Ecuador;None;Trying be Happy;False;False;65;451;0;4080;1301;2017-04-15 16:49:52;False
1365149072;Sophia Cormier ‚ùñ;SophiaCormier;Lawrence, MA;https://t.co/BX0LZyQjPt;President of Brush Stroke Sign Design/Janedy Sign.;False;False;879;4852;13;7516;3567;2013-04-19 18:54:29;True
2188862456;Simon le Bressan ‚≠êÔ∏è‚≠êÔ∏è;SimonBebert;Polliat;None;#agriculteur #jaimmesvaches #olympiquelyonnais;False;False;51;394;2;894;252;2013-11-11 18:55:54;True
799743252316438529;Call me Momo;Artephak;Neverland;None;Sur une dur√©e suffisamment longue, l'esp√©rance de vie tombe, pour tout le monde, √† Z√âRO...;False;False;63;851;11;3682;3743;2016-11-18 22:37:04;True
3116270117;cread13;cread92;;None;;False;False;4;85;0;3;15;2015-03-25 22:54:48;True
797772799733628928;Kozma Valentinüå¥;KozmaValentin;Budapest, Ungarn;https://t.co/WgrCaOSpiu;If you can dream it,you can do it! ‚ô•;False;False;30;285;0;931;53;2016-11-13 12:07:12;False
875048133008478208;brittanyü§ûüèº;darkbIooom;;None;i'll update this thing eventually;True;False;5;537;0;570;30;2017-06-14 17:51:47;True
1132174966399520768;pankaj kumar;pankajthecoder;Hyderabad, India;None;;False;False;31;419;1;2;3;2019-05-25 06:42:01;True
1011078709829177345;AnAmazingCosmicCat;AnCosmic;;None;;False;False;0;4;0;0;2;2018-06-25 02:48:44;False
338809409;John Gritts;grittsjo;Tulsa, OK;None;;False;False;108;659;0;192;655;2011-07-20 03:48:14;True
1109487873080918016;fynn-offx;FynnOffx;;None;;False;False;1;15;0;178;26;2019-03-23 16:11:37;True
4227916634;Daniel Tompkins;DanielTompkin13;Eufaula, Oklahoma;None;;False;False;18;122;0;3765;294;2015-11-13 22:17:17;True
295079335;Suga Rush(ing to her 1st concert!) | Yoonmin AU;SugaOverdose;north east uk;https://t.co/evwF6HdxCl;38yo Mum to a 7yo mini ARMY. Add me on amino Suga~Rush. William writes polls and likes to get comments! Please talk to him lol.;False;False;272;364;3;74332;18106;2011-05-08 09:58:43;False
185413961;Iran Perez;Tuxtlaman;;None;;False;False;5;57;0;10;10;2010-08-31 23:01:06;True
36862273;Keegan Iron;ghostdude99;Saskatoon, Saskatchewan;None;Clean up specialist, Gaming prodigy, Music and movie buff.;False;False;43;375;0;2405;870;2009-05-01 02:49:48;True
805395366233391104;Marco;marc0275;;None;;False;False;2;44;0;769;3;2016-12-04 12:56:33;True
754255259313147904;w‚≠ïÔ∏è‚≠ïÔ∏ètton;ImQlick;;None;too nice üêå;False;False;32;300;1;3106;224;2016-07-16 10:04:02;False
1331628769; üu·¥Ñ·¥Äüíö;lukah___;somewhere;None;pibito trans.‚öß;False;False;383;454;0;3851;8518;2013-04-06 13:36:12;False
3852365129;LadyKayra;Lady_Kayra1;;None;;False;False;1;52;0;111;6;2015-10-03 12:43:07;True
3948687809;Tunar Abuzerli;TunarAbuzerli;;https://t.co/qNe9cJRZEq;;False;False;67;139;0;279;354;2015-10-13 18:16:20;False
708501849343713280;.;valenttiinnnaaa;;None;;True;False;189;320;2;3434;1750;2016-03-12 03:56:19;True
851231621579714560;Rami Hage;TheHellfire04;;None;Wat up, its ya boi;False;False;4;68;0;4967;43;2017-04-10 00:33:28;True
1012010844;hayden fry;haydenfry4;;None;;False;False;18;141;0;20;25;2012-12-14 21:38:56;True
708016645600579584;Cuka‚ù£;Cuka99;Madrid „Ä∞üè≥Ô∏è‚Äçüåà;https://t.co/nwvuYlrW78;Yo? Loca?;False;False;5543;827;28;32769;10503;2016-03-10 19:48:17;False
2459044334;M;rtin_r;;None;Los muertos no cuentan cuentos;False;False;379;294;0;10880;10670;2014-04-23 02:25:28;False
127408036;Nutmeg;Buggaloos;USA;None;Truth will out.;True;False;576;2138;19;18177;16014;2010-03-29 03:16:43;False
4417547295;GlexZ;SimonSuarezMar1;;None;;False;False;10;67;0;61;381;2015-12-08 16:46:55;False
3240798329;vladi de lp;lp_vladi;;None;;False;False;6;40;0;7;41;2015-05-07 17:35:30;True
3249230279;out of context Carolina;carolinadehle;;https://t.co/1Sgz7cjCBd;ojal√° que no;False;False;1444;3237;5;123272;69541;2015-05-13 00:09:19;False
2568076215;owO;____Daviddd____;;None;fav;False;False;109;776;1;39057;5275;2014-05-28 00:43:35;False
612956158;Cori (Shirk) Graft ü¶Öüíö;corigraft;Philly;None;20something trying to make sense of life & having a blast while doing it. SEO @SeerInteractive. Flutist. Tweets mostly local SEO, electronic music, & PHL sports;False;False;1158;1320;75;1001;1965;2012-06-19 23:34:28;False
357105485;Francisco;Chompa02;;None;;False;False;647;353;1;1333;9668;2011-08-17 21:16:30;True
2393268954;¬• Vivi ¬•;ViviRodriguezz1;;None;üëª ViviRodriguezz1 üòª 8/4/15 ~ 19/9/07 üòª‚ù£;False;False;686;436;3;32958;57721;2014-03-16 20:59:14;False
1244058522;Gert J√µgiste;GertJogiste;;None;;False;False;15;80;0;38;4;2013-03-05 16:08:02;False
723673003494637568;LuGiusti ‚éä;giusti_luciana;;None;;False;False;126;456;0;26199;2872;2016-04-23 00:41:04;True
747176704393814016;The Real Treel;TheOnlyRealTrea;;None;;False;False;58;778;1;85741;7601;2016-06-26 21:16:23;True
2967275283;coloüåô;selenefullo;;None;donde no se pueda dar amor,no pierdas tu tiempo...üíï;False;False;424;430;1;8081;7620;2015-01-08 05:47:02;True
753262464050073600;mierda;twenstyles;;None;;False;False;697;1537;13;7902;11909;2016-07-13 16:19:01;False
2974172727;ùìêùîÉùìæùìµ;AzuGomezzz;Brandsen, Argentina üíö;https://t.co/F0lvSFHTrj;;False;False;1209;891;3;55030;49059;2015-01-12 05:58:08;False
802139807178780673;Rolando Monjes;monjes67;;None;;False;False;17;125;0;39;59;2016-11-25 13:20:07;True
2817605499;Junkie;JoelPanter;;None;Muchacho ojos de liyo ahre;False;False;351;618;0;3073;3532;2014-10-09 00:22:23;False
1525029390;Funimoni;MarcWesley1;;None;;True;False;12;302;0;259;51;2013-06-17 14:54:15;True
333160191;Agust√≠n;AgustinVannacci;Olavarria;https://t.co/TAuVKBnZbU;Snap: agusvannacci;False;False;307;378;0;4402;1690;2011-07-11 02:44:43;False
2256903829;giuli;GiuliRoy;;None;;False;False;344;467;1;20252;10360;2013-12-21 20:21:16;False
628300510;Master Pk.;pk100afm;;None;Fiel lacayo ^^ y Trabajador vago :D;False;False;11;59;0;44;78;2012-07-06 11:32:09;True
257740675;bab¬£;Martu_0k;;None;üåà;False;False;913;1015;4;56259;3469;2011-02-26 02:25:06;False
3623208975;Lautaro;Lautaa_Becco;;None;;False;False;80;148;0;2508;1381;2015-09-11 19:04:18;False
4550810415;richard;DanaR_02;Concepcion del Uruguay;None;;False;False;195;668;0;7798;1804;2015-12-20 23:02:34;True
386136118;Micaelaüíö;diazmicaela_;;https://t.co/5ko7OP1Ers;libre;False;False;1109;654;4;8243;10133;2011-10-06 18:37:03;False
844541790;Santi;SantiagoCua1;;None;;False;False;492;285;1;2031;9199;2012-09-25 00:17:01;False
754880918226165760;Micha;MichaAbril11;Montevideo, Uruguay;None;The Less I Know The Better;False;False;48;156;0;3570;1048;2016-07-18 03:30:10;True
3296012121;Davidüí§;DavidsOk99;de Argentina como el Diego;https://t.co/QhNhJTSzEY;Al 1000 porque al 100 anda cualquiera‚ò¢\n Seguime si ten√©s huevos y no te da miedo cagar en el colegio.\n Bostero hasta la muerte.\ninsta:david.s_99\nsnap:davidsok5;False;False;430;724;1;48717;27759;2015-05-24 03:10:22;True
187222695;elio.;ElioBarra93;;https://t.co/arJ1nrUFoG;here's not here.\nnihilistic.;False;False;381;1639;0;16517;8008;2010-09-05 16:33:40;False
3838233394;Mario Bronx;TuVieja62;;None;07-05-2016;False;False;209;777;1;12092;7618;2015-10-02 00:23:39;True
720039345437020160;Isaac;isaacpepa3;;None;;False;False;659;807;1;6647;7117;2016-04-13 00:02:12;True
1415420316;Guilty;SirGuiltysparkz;;None;;False;False;4;199;0;340;109;2013-05-09 12:35:43;False
611992769;danny salles;S7Salles;;None;;False;False;127;2135;0;3825;14936;2012-06-18 21:00:16;False
851931025299177472;BMGKlein2019;BMGKlein;Texas, USA;https://t.co/TU0mORZvhl;I love Blue Man Group, music, and video games\nDiscord: https://t.co/hS7yPNM6gy;False;False;107;1092;0;943;1573;2017-04-11 22:52:39;False
588155537;Opokoala;TurtleAndOposum;Z√ºrich;None;Retweetet ab und zu was.;False;False;23;353;0;348;1721;2012-05-23 09:39:53;True
3092104595;Zwiebelgolem;Michigains;;None;;False;False;19;395;0;229;441;2015-03-15 16:50:38;False
838348976143257600;Matt Acer;mattacer;;None;;True;False;0;128;0;4;0;2017-03-05 11:22:26;True
730815880268005376;Noah Frey;NotW0rthKS;;None;;False;False;2;61;0;27;0;2016-05-12 17:44:18;True
3407994869;cody kinney;codykinney32;;None;;False;False;6;24;0;4;22;2015-08-08 00:49:38;True
3436807215;Eric Johansson;belse22;;None;;False;False;5;39;0;851;32;2015-08-23 15:40:46;True
101576540;LayaElyea;_bartimaeus_;;https://t.co/39pKkwdiz6;frech, faul, philosoüêü. Man braucht mindestens 7Gehirne um mich zu verstehen #HumanistIn #GegenMenschenfeindlichkeit #Linksgr√ºnversiffterGutmensch;False;False;22;152;0;1002;2103;2010-01-03 21:25:19;False
827985615237083138;Maddy Bennett;MaddyBennett7;England, United Kingdom;None;never give up you maybe so close;True;False;2;71;0;220;0;2017-02-04 21:02:08;True
827929379464417284;Mary Ann Oltman;Wife91468265;;None;;False;False;2;128;0;0;0;2017-02-04 17:18:41;True
4348423823;Michi;MichiTBiggi;;None;K;False;False;48;1105;0;24674;9056;2015-12-02 07:52:44;False
14617482;Fr Michael G Earthman;mgearthman;Rome, Lazio;https://t.co/DNlkcjUpOL;Priest. Musician. Geek. A Catholic priest of @ArchGH , Studying Liturgy at @UnivSantaCroce , RT ‚â† üëç;False;False;2873;525;134;4235;21853;2008-05-01 18:16:28;False
4631106384;scout;thelowerdrawman;;https://t.co/sz4K8jyetb;hey look at me! Im flying! This sucks on ice;False;False;16;132;0;126;339;2015-12-22 13:00:22;True
1575531390;Jack Carson;jackalakalaka;;None;Off social media;False;False;258;271;2;11343;199;2013-07-07 16:40:52;True
376238725;Cath√°ir üá≥üá±;Cathair96;Ireland;None;Don't compete against others. Compete against yourself. Views my own.;False;False;1216;2885;22;15387;30098;2011-09-19 15:04:24;False
746426571297165313;The First Pheonix;TheFirstPheonix;;None;;False;False;1;7;0;8;4;2016-06-24 19:35:37;True
